name,date,link,price,ticket_open_date
KT와 함께하는 예술의전당 마음을 담은 클래식(3월),2024-03-22,https://www.sac.or.kr/site/main/show/show_view?SN=60243,"일반석 30,000원 / 3층석 15,000원",2024-01-18
존 윌리엄스 영화음악 콘서트 ,2024-03-23,https://www.sac.or.kr/site/main/show/show_view?SN=60904,"R석 70,000원 / S석 50,000원 / A석 30,000원 / B석 10,000원",2024-02-28
"희망을 노래하다 - 봄, 여름, 가을, 겨울",2024-03-24,https://www.sac.or.kr/site/main/show/show_view?SN=62241,"R석 70,000원 / S석 50,000원 / A석 30,000원 / B석 20,000원",2024-03-05
스타인웨이 프라이즈위너 페스티벌 HEROES ON THE PIANO,2024-03-26,https://www.sac.or.kr/site/main/show/show_view?SN=60806,"R석 110,000원 | S석 80,000원 | A석 50,000원 | B석 30,000원 ",2024-02-15
스타인웨이 프라이즈위너 페스티벌 HEROES ON THE PIANO,2024-03-27,https://www.sac.or.kr/site/main/show/show_view?SN=60805,"R석 110,000원 | S석 80,000원 | A석 50,000원 | B석 30,000원 ",2024-02-15
2024 서울시향 얍 판 츠베덴과 토머스 햄프슨 ①,2024-03-28,https://www.sac.or.kr/site/main/show/show_view?SN=60776,"R석 120,000원 / S석 90,000원 / A석 60,000원 / B석 30,000원 / C석 10,000원",
KBS교향악단 제800회 정기연주회,2024-03-29,https://www.sac.or.kr/site/main/show/show_view?SN=60869,R석 12만원 / S석 10만원 / A석 7만원 / B석 3만원 / C석 1만원,2023-12-15
스즈메의 문단속 공식 필름 콘서트,2024-03-30,https://www.sac.or.kr/site/main/show/show_view?SN=68380,"R석 140,000원 / S석 120,000원 / A석 90,000원 / B석 60,000원",예매 일정 없음
프리모 깐딴떼 제25회 정기연주회,2024-03-12,https://www.sac.or.kr/site/main/show/show_view?SN=62072,"R석 150,000원 / S석 100,000원 / A석 80,000원 / B석 50,000원",예매 일정 없음
안네 소피 무터 바이올린 리사이틀,2024-03-13,https://www.sac.or.kr/site/main/show/show_view?SN=60824,"R석 180,000원 / S석 150,000원 / A석 100,000원 / B석 50,000원",예매 일정 없음
한화생명과 함께하는 예술의전당 11시 콘서트(3월),2024-03-14,https://www.sac.or.kr/site/main/show/show_view?SN=60246,"일반석 30,000원 / 3층석 15,000원 ",2024-02-06
경기필하모닉 마스터즈 시리즈 I _ 베토벤 교향곡 3번,2024-03-15,https://www.sac.or.kr/site/main/show/show_view?SN=60965,"R석 80,000원 / S석 60,000원 / A석 50,000원 / B석 30,000원 / C석 20,000원",
2024 예술의전당 토요콘서트(3월),2024-03-16,https://www.sac.or.kr/site/main/show/show_view?SN=60245,"일반석 40,000원 / 3층석 20,000원",2024-01-16
연광철 & 선우예권 `시인의 사랑`,2024-03-17,https://www.sac.or.kr/site/main/show/show_view?SN=62351,"R석 110,000원 / S석 80,000원 / A석 50,000원",2023-12-07
국립합창단 제197회 정기연주회 민인기 예술감독 취임연주회 <전쟁 그리고 평화>,2024-03-19,https://www.sac.or.kr/site/main/show/show_view?SN=62238,"R석 50,000원 / S석 30,000원 / A석 20,000원",2024-02-27
빈 심포니와 함께하는 KB 국민함께 콘서트,2024-03-20,https://www.sac.or.kr/site/main/show/show_view?SN=60807,기업전관(전석 초대공연),예매 일정 없음
창단 35주년 기념 마스터피스 시리즈Ⅳ  서울모테트합창단 제126회 정기연주회 바흐의 [b단조 미사],2024-03-21,https://www.sac.or.kr/site/main/show/show_view?SN=60777,"R석 100,000원 / S석 70,000원 / A석 50,000원 / B석 30,000원 / C석 20,000원",
한화와 함께하는 2024 교향악축제 - 군포 프라임필하모닉오케스트라 (4.23),2024-04-23,https://www.sac.or.kr/site/main/show/show_view?SN=60224,"R석 50,000원 / S석 40,000원 / A석 30,000원 / B석 10,000원",2024-02-16
한화와 함께하는 2024 교향악축제 - 과천시립교향악단 (4.24),2024-04-24,https://www.sac.or.kr/site/main/show/show_view?SN=60223,"R석 50,000원 / S석 40,000원 / A석 30,000원 / B석 10,000원",2024-02-16
한화와 함께하는 2024 교향악축제 - 수원시립교향악단 (4.25),2024-04-25,https://www.sac.or.kr/site/main/show/show_view?SN=60222,"R석 50,000원 / S석 40,000원 / A석 30,000원 / B석 10,000원",2024-02-16
한화와 함께하는 2024 교향악축제 - 광주시립교향악단 (4.26),2024-04-26,https://www.sac.or.kr/site/main/show/show_view?SN=61291,"R석 50,000원 / S석 40,000원 / A석 30,000원 / B석 10,000원",2024-02-16
한화와 함께하는 2024 교향악축제 - 경기필하모닉오케스트라 (4.27),2024-04-27,https://www.sac.or.kr/site/main/show/show_view?SN=61290,"R석 50,000원 / S석 40,000원 / A석 30,000원 / B석 10,000원",2024-02-16
한화와 함께하는 2024 교향악축제 - 인천시립교향악단 (4.28),2024-04-28,https://www.sac.or.kr/site/main/show/show_view?SN=60217,"R석 50,000원 / S석 40,000원 / A석 30,000원 / B석 10,000원",2024-02-16
서울오라토리오  제83회 정기연주회,2024-04-30,https://www.sac.or.kr/site/main/show/show_view?SN=62212,가격 정보 없음,예매 일정 없음
한화와 함께하는 2024 교향악축제 - 한경arte필하모닉 (4.10),2024-04-10,https://www.sac.or.kr/site/main/show/show_view?SN=60235,"R석 50,000원 / S석 40,000원 / A석 30,000원 / B석 10,000원",2024-02-16
한화와 함께하는 2024 교향악축제 - 전주시립교향악단 (4.11),2024-04-11,https://www.sac.or.kr/site/main/show/show_view?SN=60234,"R석 50,000원 / S석 40,000원 / A석 30,000원 / B석 10,000원",2024-02-16
한화와 함께하는 2024 교향악축제 - 국립심포니오케스트라 (4.12),2024-04-12,https://www.sac.or.kr/site/main/show/show_view?SN=60233,"R석 50,000원 / S석 40,000원 / A석 30,000원 / B석 10,000원",2024-02-16
한화와 함께하는 2024 교향악축제 - 대전시립교향악단 (4.13),2024-04-13,https://www.sac.or.kr/site/main/show/show_view?SN=60232,"R석 50,000원 / S석 40,000원 / A석 30,000원 / B석 10,000원",2024-02-16
한화와 함께하는 2024 교향악축제 - 원주시립교향악단 (4.14),2024-04-14,https://www.sac.or.kr/site/main/show/show_view?SN=60231,"R석 50,000원 / S석 40,000원 / A석 30,000원 / B석 10,000원",2024-02-16
한화와 함께하는 2024 교향악축제 - 제주특별자치도립 제주교향악단 (4.16),2024-04-16,https://www.sac.or.kr/site/main/show/show_view?SN=60230,"R석 50,000원 / S석 40,000원 / A석 30,000원 / B석 10,000원",2024-02-16
한화와 함께하는 2024 교향악축제 - 김천시립교향악단 (4.17),2024-04-17,https://www.sac.or.kr/site/main/show/show_view?SN=60229,"R석 50,000원 / S석 40,000원 / A석 30,000원 / B석 10,000원",2024-02-16
한화와 함께하는 2024 교향악축제 - 춘천시립교향악단 (4.18),2024-04-18,https://www.sac.or.kr/site/main/show/show_view?SN=60228,"R석 50,000원 / S석 40,000원 / A석 30,000원 / B석 10,000원",2024-02-16
한화와 함께하는 2024 교향악축제 - 서울시립교향악단 (4.19),2024-04-19,https://www.sac.or.kr/site/main/show/show_view?SN=60227,"R석 50,000원 / S석 40,000원 / A석 30,000원 / B석 10,000원",2024-02-16
다닐 트리포노프 피아노 리사이틀,2024-04-02,https://www.sac.or.kr/site/main/show/show_view?SN=67980,"R석 130,000원 / S석 100,000원 / A석 70,000원 / B석 50,000원",예매 일정 없음
한화와 함께하는 2024 교향악축제 - KBS교향악단 (4.3),2024-04-03,https://www.sac.or.kr/site/main/show/show_view?SN=60241,"R석 50,000원 / S석 40,000원 / A석 30,000원 / B석 10,000원",2024-02-16
한화와 함께하는 2024 교향악축제 - 창원시립교향악단 (4.4),2024-04-04,https://www.sac.or.kr/site/main/show/show_view?SN=60240,"R석 50,000원 / S석 40,000원 / A석 30,000원 / B석 10,000원",2024-02-16
한화와 함께하는 2024 교향악축제 - 부천필하모닉오케스트라 (4.5),2024-04-05,https://www.sac.or.kr/site/main/show/show_view?SN=60239,"R석 50,000원 / S석 40,000원 / A석 30,000원 / B석 10,000원",2024-02-16
한화와 함께하는 2024 교향악축제 - 코리안챔버오케스트라 (4.6),2024-04-06,https://www.sac.or.kr/site/main/show/show_view?SN=60238,"R석 50,000원 / S석 40,000원 / A석 30,000원 / B석 10,000원",2024-02-16
한화와 함께하는 2024 교향악축제 - 공주시충남교향악단 (4.7),2024-04-07,https://www.sac.or.kr/site/main/show/show_view?SN=60237,"R석 50,000원 / S석 40,000원 / A석 30,000원 / B석 10,000원",2024-02-16
한화와 함께하는 2024 교향악축제 - 대구시립교향악단 (4.9),2024-04-09,https://www.sac.or.kr/site/main/show/show_view?SN=60236,"R석 50,000원 / S석 40,000원 / A석 30,000원 / B석 10,000원",2024-02-16
한화와 함께하는 2024 교향악축제 - 심포니 송 (4.20),2024-04-20,https://www.sac.or.kr/site/main/show/show_view?SN=60226,"R석 50,000원 / S석 40,000원 / A석 30,000원 / B석 10,000원",2024-02-16
한화와 함께하는 2024 교향악축제 - 부산시립교향악단 (4.21),2024-04-21,https://www.sac.or.kr/site/main/show/show_view?SN=60225,"R석 50,000원 / S석 40,000원 / A석 30,000원 / B석 10,000원",2024-02-16
퍼플콘서트 in 서울,2024-05-22,https://www.sac.or.kr/site/main/show/show_view?SN=62321,가격 정보 없음,예매 일정 없음
한국교수콰이어 제18회 정기연주회,2024-05-23,https://www.sac.or.kr/site/main/show/show_view?SN=68521,가격 정보 없음,예매 일정 없음
KBS교향악단 제802회 정기연주회,2024-05-26,https://www.sac.or.kr/site/main/show/show_view?SN=62200,R석 12만원 / S석 10만원 / A석 7만원 / B석 3만원 / C석 1만원,2023-12-15
코리아남성합창단 제23회 정기연주회,2024-05-28,https://www.sac.or.kr/site/main/show/show_view?SN=62178,,
피아니스트 임동혁초청 <베토벤 VS 드보르작>,2024-05-29,https://www.sac.or.kr/site/main/show/show_view?SN=68822,가격 정보 없음,예매 일정 없음
이마에스트리 제19회 정기연주회,2024-05-30,https://www.sac.or.kr/site/main/show/show_view?SN=62300,가격 정보 없음,예매 일정 없음
KT와 함께하는 예술의전당 마음을 담은 클래식(5.31),2024-05-31,https://www.sac.or.kr/site/main/show/show_view?SN=60210,"일반석 30,000원 / 3층석 15,000원",2024-03-21
2024 서울시향 얍 판 츠베덴과 손열음 ②,2024-05-10,https://www.sac.or.kr/site/main/show/show_view?SN=60773,"R석 120,000원 / S석 90,000원 / A석 60,000원 / B석 30,000원 / C석 10,000원",
힐러리 한 & 안드레아스 해플리거 듀오 리사이틀 ,2024-05-11,https://www.sac.or.kr/site/main/show/show_view?SN=62333,"R석 160,000원 / S석 130,000원 / A석 110,000원 / B석 90,000원 / C석 60,000원",2024-02-15
"국립심포니오케스트라 - 베를리오즈, 환상교향곡",2024-05-12,https://www.sac.or.kr/site/main/show/show_view?SN=60903,"R석 70,000원 / S석 50,000원 / A석 30,000원 / B석 10,000원",2023-12-20
강남심포니오케스트라 제 104회 정기연주회,2024-05-14,https://www.sac.or.kr/site/main/show/show_view?SN=66646,,
소프라노 올가페레치야트코 그랜드갈라 콘서트,2024-05-15,https://www.sac.or.kr/site/main/show/show_view?SN=60881,가격 정보 없음,예매 일정 없음
차이콥스키 콩쿠르 위너 콘서트,2024-05-16,https://www.sac.or.kr/site/main/show/show_view?SN=64068,가격 정보 없음,예매 일정 없음
테너 김우경 독창회,2024-05-17,https://www.sac.or.kr/site/main/show/show_view?SN=62016,가격 정보 없음,예매 일정 없음
서울 심포닉 윈드 오케스트라 제3회 정기연주회,2024-05-18,https://www.sac.or.kr/site/main/show/show_view?SN=68863,가격 정보 없음,예매 일정 없음
"<창단연주회> 더원심포니오케스트라 ""낭만의 랩소디""",2024-05-01,https://www.sac.or.kr/site/main/show/show_view?SN=68725,가격 정보 없음,예매 일정 없음
자선음악회 사랑이 머무는 곳에,2024-05-02,https://www.sac.or.kr/site/main/show/show_view?SN=62023,가격 정보 없음,예매 일정 없음
한경arte 더클래식 2024,2024-05-03,https://www.sac.or.kr/site/main/show/show_view?SN=62335,가격 정보 없음,예매 일정 없음
KT와 함께하는 예술의전당 마음을 담은 클래식(5.4),2024-05-04,https://www.sac.or.kr/site/main/show/show_view?SN=66989,"일반석 30,000원 / 3층석 15,000원",2024-01-18
어린이날 뮤지토리 콘서트 - 양파의 매직코트,2024-05-05,https://www.sac.or.kr/site/main/show/show_view?SN=68666,가격 정보 없음,예매 일정 없음
정명훈 & 도쿄 필하모닉 오케스트라 (협연: 조성진) ,2024-05-07,https://www.sac.or.kr/site/main/show/show_view?SN=62021,"R석 180,000원 / S석 150,000원 / A석 120,000원 / B석 90,000원 / C석 60,000원",예매 일정 없음
안젤라게오르규 내한공연,2024-05-08,https://www.sac.or.kr/site/main/show/show_view?SN=60882,가격 정보 없음,예매 일정 없음
한화생명과 함께하는 예술의전당 11시 콘서트(5월),2024-05-09,https://www.sac.or.kr/site/main/show/show_view?SN=60214,"일반석 30,000원 / 3층석 15,000원",2024-02-06
심포니 송 ‘말러를 노래하다.’,2024-05-21,https://www.sac.or.kr/site/main/show/show_view?SN=61743,가격 정보 없음,예매 일정 없음
임윤찬 피아노 리사이틀,2024-06-22,https://www.sac.or.kr/site/main/show/show_view?SN=60785,가격 정보 없음,예매 일정 없음
프레디 켐프의 명 피아노 협주곡,2024-06-23,https://www.sac.or.kr/site/main/show/show_view?SN=61840,가격 정보 없음,예매 일정 없음
KT와 함께하는 예술의전당 마음을 담은 클래식(6월),2024-06-25,https://www.sac.or.kr/site/main/show/show_view?SN=60206,"일반석 30,000원 / 3층석 15,000원",2024-03-21
루돌프 부흐빈더 베토벤 피아노 협주곡 전곡Ⅰ,2024-06-26,https://www.sac.or.kr/site/main/show/show_view?SN=62299,"R석 200,000원 / S석 150,000원 / A석 100,000원 / B석 60,000원",2024-03-19
KBS교향악단 제803회 정기연주회,2024-06-29,https://www.sac.or.kr/site/main/show/show_view?SN=60867,R석 11만원 / S석 9만원 / A석 6만원 / B석 3만원 / C석 1만원,2023-12-15
루돌프 부흐빈더 베토벤 피아노 협주곡 전곡Ⅱ,2024-06-30,https://www.sac.or.kr/site/main/show/show_view?SN=62294,"R석 200,000원 / S석 150,000원 / A석 100,000원 / B석 60,000원",2024-03-19
백건우와 모차르트,2024-06-11,https://www.sac.or.kr/site/main/show/show_view?SN=66325,가격 정보 없음,예매 일정 없음
"레퀴엠: 모차르트의, 모차르트에 의한, 모차르트를 위한",2024-06-12,https://www.sac.or.kr/site/main/show/show_view?SN=62480,가격 정보 없음,예매 일정 없음
한화생명과 함께하는 예술의전당 11시 콘서트(6월),2024-06-13,https://www.sac.or.kr/site/main/show/show_view?SN=60209,"일반석 30,000원 / 3층석 15,000원",2024-02-06
오스트리아의 모차르트 : 루브르의 음악가들 & 마크 민코프스키,2024-06-14,https://www.sac.or.kr/site/main/show/show_view?SN=68862,가격 정보 없음,예매 일정 없음
2024 예술의전당 토요콘서트(6월),2024-06-15,https://www.sac.or.kr/site/main/show/show_view?SN=60208,"일반석 40,000원 / 3층석 20,000원",2024-01-16
조성진 호암상수상기념 리사이틀,2024-06-18,https://www.sac.or.kr/site/main/show/show_view?SN=61281,가격 정보 없음,예매 일정 없음
샤를 리샤르-아믈랭 피아노 리사이틀,2024-06-01,https://www.sac.or.kr/site/main/show/show_view?SN=60802,가격 정보 없음,예매 일정 없음
2024 한국오페라갈라페스티벌,2024-06-02,https://www.sac.or.kr/site/main/show/show_view?SN=66349,가격 정보 없음,예매 일정 없음
오라토리오 <모세> with 윤의중,2024-06-04,https://www.sac.or.kr/site/main/show/show_view?SN=66515,가격 정보 없음,예매 일정 없음
강남심포니오케스트라 제105회 정기연주회,2024-06-05,https://www.sac.or.kr/site/main/show/show_view?SN=66642,,
유키 구라모토 내한 25주년 기념 콘서트,2024-06-07,https://www.sac.or.kr/site/main/show/show_view?SN=64139,"R석 110,000원 / S석 90,000원 / A석 70,000원 / B석 40,000원",예매 일정 없음
필하모니코리아 정기연주회,2024-06-08,https://www.sac.or.kr/site/main/show/show_view?SN=62011,가격 정보 없음,예매 일정 없음
당 타이 손 피아노 리사이틀,2024-06-09,https://www.sac.or.kr/site/main/show/show_view?SN=62308,"R석 100,000원 / S석 80,000원 / A석 60,000원 / B석 40,000원",2024-02-22
2024 서울시향 바실리 페트렌코의 드보르자크 교향곡 8번 ①,2024-06-20,https://www.sac.or.kr/site/main/show/show_view?SN=60771,"R석 100,000원 / S석 80,000원 / A석 50,000원 / B석 30,000원 / C석 10,000원",
2024 서울시향 바실리 페트렌코의 드보르자크 교향곡 8번 ②,2024-06-21,https://www.sac.or.kr/site/main/show/show_view?SN=60770,"R석 100,000원 / S석 80,000원 / A석 50,000원 / B석 30,000원 / C석 10,000원",
한경arte 더클래식 2024,2024-07-10,https://www.sac.or.kr/site/main/show/show_view?SN=62290,가격 정보 없음,예매 일정 없음
한화생명과 함께하는 예술의전당 11시 콘서트(7월),2024-07-11,https://www.sac.or.kr/site/main/show/show_view?SN=60205,,
고잉홈프로젝트: 베토벤 전곡 시리즈 2.,2024-07-12,https://www.sac.or.kr/site/main/show/show_view?SN=64507,가격 정보 없음,예매 일정 없음
"푸치니 서거 100주년 기념 <3테너 콘서트: 김재형, 정호윤, 김승직>",2024-07-13,https://www.sac.or.kr/site/main/show/show_view?SN=60866,가격 정보 없음,예매 일정 없음
고잉홈프로젝트: 베토벤 전곡 시리즈 3.,2024-07-14,https://www.sac.or.kr/site/main/show/show_view?SN=64506,가격 정보 없음,예매 일정 없음
브람스 피아노 협주곡 전곡 : 대조,2024-07-16,https://www.sac.or.kr/site/main/show/show_view?SN=68720,가격 정보 없음,예매 일정 없음
포스메가남성합창단 창단30주년 기념 정기연주회,2024-07-17,https://www.sac.or.kr/site/main/show/show_view?SN=68520,가격 정보 없음,예매 일정 없음
KBS교향악단 제804회 정기연주회,2024-07-18,https://www.sac.or.kr/site/main/show/show_view?SN=60865,R석 10만원 / S석 8만원 / A석 5만원 / B석 3만원 / C석 1만원 ,2023-12-15
KT와 함께하는 예술의전당 마음을 담은 클래식(7월),2024-07-19,https://www.sac.or.kr/site/main/show/show_view?SN=60204,"일반석 30,000원 / 3층석 15,000원",2024-03-21
코랄레움 인 서울 `합창 명작 마주하기 프로젝트 II`,2024-07-02,https://www.sac.or.kr/site/main/show/show_view?SN=66639,가격 정보 없음,예매 일정 없음
Belcanto Operatic Duets,2024-07-04,https://www.sac.or.kr/site/main/show/show_view?SN=66638,가격 정보 없음,예매 일정 없음
김선욱 피아노 리사이틀,2024-07-05,https://www.sac.or.kr/site/main/show/show_view?SN=62292,가격 정보 없음,예매 일정 없음
"아디오스 피아졸라, 라이브탱고 ",2024-07-06,https://www.sac.or.kr/site/main/show/show_view?SN=62291,가격 정보 없음,예매 일정 없음
창단 35주년 기념 마스터피스 시리즈Ⅴ  서울모테트합창단 제127회 정기연주회 멘델스죤의 [사도바울],2024-07-09,https://www.sac.or.kr/site/main/show/show_view?SN=60768,가격 정보 없음,예매 일정 없음
<카디프의 남자들>,2024-07-20,https://www.sac.or.kr/site/main/show/show_view?SN=66986,가격 정보 없음,예매 일정 없음
"국립심포니오케스트라 -  드보르자크, 교향곡 7번 ",2024-07-21,https://www.sac.or.kr/site/main/show/show_view?SN=60799,"R석 70,000원 / S석 50,000원 / A석 30,000원 / B석 10,000원",2023-12-20
기획공연 <여름합창축제Ⅱ>,2024-08-22,https://www.sac.or.kr/site/main/show/show_view?SN=60794,가격 정보 없음,예매 일정 없음
KT와 함께하는 예술의전당 마음을 담은 클래식(8월),2024-08-23,https://www.sac.or.kr/site/main/show/show_view?SN=60185,,
2024 힉엣눙크! 뮤직 페스티벌 - 세종솔로이스츠 & Four Concertmasters,2024-08-24,https://www.sac.or.kr/site/main/show/show_view?SN=60793,"R석 150,000원 / S석 110,000원 / A석 70,000원 / B석 30,000원",2024-03-13
[드보르작 서거 150주년] 차이코프스키 & 드보르작,2024-08-25,https://www.sac.or.kr/site/main/show/show_view?SN=63627,가격 정보 없음,예매 일정 없음
2024 힉엣눙크! 뮤직 페스티벌 - 세종솔로이스츠의 Pure Lyricism,2024-08-27,https://www.sac.or.kr/site/main/show/show_view?SN=64319,"R석 150,000원 / S석 110,000원 / A석 70,000원 / B석 30,000원",2024-03-13
카운터테너 이동규 리사이틀,2024-08-28,https://www.sac.or.kr/site/main/show/show_view?SN=67410,가격 정보 없음,예매 일정 없음
한빛예술단의 Joyful Fantasy,2024-08-29,https://www.sac.or.kr/site/main/show/show_view?SN=66633,가격 정보 없음,예매 일정 없음
"국립심포니오케스트라 - 스트라빈스키, 페트루슈카",2024-08-31,https://www.sac.or.kr/site/main/show/show_view?SN=60792,"R 70,000원 / S 50,000원 / A 30,000원 / B 10,000원  ",2023-12-20
고잉홈프로젝트: 베토벤 전곡 시리즈 4.,2024-08-13,https://www.sac.or.kr/site/main/show/show_view?SN=60798,가격 정보 없음,예매 일정 없음
한경arte필하모닉 정기연주회,2024-08-14,https://www.sac.or.kr/site/main/show/show_view?SN=60767,가격 정보 없음,예매 일정 없음
한화생명과 함께하는 예술의전당 11시 콘서트(8월),2024-08-15,https://www.sac.or.kr/site/main/show/show_view?SN=60188,,
고잉홈프로젝트: 베토벤 전곡 시리즈 5.,2024-08-16,https://www.sac.or.kr/site/main/show/show_view?SN=60797,"R석 100,000원 / S석 80,000원 / A석 50,000원 / B석 30,000원",2024-03-19
2024 예술의전당 토요콘서트(8월),2024-08-17,https://www.sac.or.kr/site/main/show/show_view?SN=60187,,
김유빈 음반발매기념 리사이틀,2024-08-18,https://www.sac.or.kr/site/main/show/show_view?SN=64325,가격 정보 없음,예매 일정 없음
카로스 타악기 앙상블 35주년 정기연주회,2024-08-20,https://www.sac.or.kr/site/main/show/show_view?SN=66322,가격 정보 없음,예매 일정 없음
기획공연 <여름합창축제Ⅰ>,2024-08-21,https://www.sac.or.kr/site/main/show/show_view?SN=60795,가격 정보 없음,예매 일정 없음
"국립심포니오케스트라 쇼스타코비치, 교향곡 5번",2024-09-26,https://www.sac.or.kr/site/main/show/show_view?SN=60791,"R 70,000원 / S 50,000원 / A 30,000원 / B 10,000원  ",2023-12-20
KT와 함께하는 예술의전당 마음을 담은 클래식(9월),2024-09-27,https://www.sac.or.kr/site/main/show/show_view?SN=60172,,
강남심포니오케스트라 제106회 정기연주회,2024-09-28,https://www.sac.or.kr/site/main/show/show_view?SN=68684,가격 정보 없음,예매 일정 없음
KCO 제187회 정기연주회,2024-09-29,https://www.sac.or.kr/site/main/show/show_view?SN=60864,가격 정보 없음,예매 일정 없음
강주미 바이올린 리사이틀,2024-09-10,https://www.sac.or.kr/site/main/show/show_view?SN=60801,가격 정보 없음,예매 일정 없음
콜레기움 보칼레 서울의 바흐 미사 b단조 - 마사아키 스즈키,2024-09-11,https://www.sac.or.kr/site/main/show/show_view?SN=61661,가격 정보 없음,예매 일정 없음
한화생명과 함께하는 예술의전당 11시 콘서트(9월),2024-09-12,https://www.sac.or.kr/site/main/show/show_view?SN=60179,,
국립합창단 제199회 정기연주 <가을음악회>,2024-09-13,https://www.sac.or.kr/site/main/show/show_view?SN=64012,가격 정보 없음,예매 일정 없음
히사이시 조 영화음악 콘서트 2024_서울,2024-09-14,https://www.sac.or.kr/site/main/show/show_view?SN=62289,가격 정보 없음,예매 일정 없음
박재홍 피아노 리사이틀,2024-09-01,https://www.sac.or.kr/site/main/show/show_view?SN=68845,가격 정보 없음,예매 일정 없음
스위스 로잔 챔버 오케스트라 내한 공연,2024-09-03,https://www.sac.or.kr/site/main/show/show_view?SN=60784,가격 정보 없음,예매 일정 없음
2024 제41회 대한민국국제음악제,2024-09-04,https://www.sac.or.kr/site/main/show/show_view?SN=60880,가격 정보 없음,예매 일정 없음
2024 서울시향 크리스티안 테츨라프의 브람스 바이올린 협주곡 ①,2024-09-05,https://www.sac.or.kr/site/main/show/show_view?SN=60766,"R석 100,000원 / S석 80,000원 / A석 50,000원 / B석 30,000원 / C석 10,000원",예매 일정 없음
정경화 바이올린 리사이틀,2024-09-06,https://www.sac.or.kr/site/main/show/show_view?SN=67409,가격 정보 없음,예매 일정 없음
마르크-앙드레 아믈랭 피아노 리사이틀,2024-09-08,https://www.sac.or.kr/site/main/show/show_view?SN=61720,가격 정보 없음,예매 일정 없음
마리아 조앙 피레스 피아노 리사이틀,2024-09-20,https://www.sac.or.kr/site/main/show/show_view?SN=62288,가격 정보 없음,예매 일정 없음
2024 예술의전당 토요콘서트(9월),2024-09-21,https://www.sac.or.kr/site/main/show/show_view?SN=60174,,
KT와 함께하는 예술의전당 마음을 담은 클래식(10월),2024-10-22,https://www.sac.or.kr/site/main/show/show_view?SN=66820,,
2024 빈 필하모닉 내한공연,2024-10-23,https://www.sac.or.kr/site/main/show/show_view?SN=60755,가격 정보 없음,예매 일정 없음
2024 빈 필하모닉 내한공연,2024-10-24,https://www.sac.or.kr/site/main/show/show_view?SN=60754,가격 정보 없음,예매 일정 없음
서울국제음악제 폐막음악회 : SIMF오케스트라 with 만프레드 호넥,2024-10-26,https://www.sac.or.kr/site/main/show/show_view?SN=60762,,
테너 로베르토 알라냐 내한 리사이틀,2024-10-27,https://www.sac.or.kr/site/main/show/show_view?SN=66625,가격 정보 없음,예매 일정 없음
제16회 세일 한국가곡의 밤,2024-10-29,https://www.sac.or.kr/site/main/show/show_view?SN=61740,가격 정보 없음,예매 일정 없음
베아트리체 라나 피아노 리사이틀,2024-10-30,https://www.sac.or.kr/site/main/show/show_view?SN=68501,가격 정보 없음,예매 일정 없음
한화생명과 함께하는 예술의전당 11시 콘서트(10월),2024-10-10,https://www.sac.or.kr/site/main/show/show_view?SN=60168,,
한경arte필하모닉 정기연주회,2024-10-11,https://www.sac.or.kr/site/main/show/show_view?SN=60765,가격 정보 없음,예매 일정 없음
2024 예술의전당 토요콘서트(10월),2024-10-12,https://www.sac.or.kr/site/main/show/show_view?SN=61231,,
피아니스트 손민수 바흐 평균율 1권 전곡연주,2024-10-13,https://www.sac.or.kr/site/main/show/show_view?SN=60782,가격 정보 없음,예매 일정 없음
콘체르토 마라톤 프로젝트 - 선우예권의 라흐마니노프 피아노 협주곡,2024-10-15,https://www.sac.or.kr/site/main/show/show_view?SN=64171,가격 정보 없음,예매 일정 없음
비바! 이탈리아 2024,2024-10-16,https://www.sac.or.kr/site/main/show/show_view?SN=68777,가격 정보 없음,예매 일정 없음
2024 대한민국합창대제전,2024-10-17,https://www.sac.or.kr/site/main/show/show_view?SN=66320,가격 정보 없음,예매 일정 없음
경기필하모닉 마스터즈 시리즈 IV _ 슈트라우스 영웅의 생애,2024-10-18,https://www.sac.or.kr/site/main/show/show_view?SN=60962,"R석 90,000원 / S석 70,000원 / A석 50,000원 / B석 30,000원 / C석 20,000원",예매 일정 없음
필하모니코리아 정기연주회,2024-10-19,https://www.sac.or.kr/site/main/show/show_view?SN=60756,가격 정보 없음,예매 일정 없음
서울신문 창간 120주년 기념음악회,2024-10-02,https://www.sac.or.kr/site/main/show/show_view?SN=60758,가격 정보 없음,예매 일정 없음
정명훈 & 라 페니체 오케스트라,2024-10-05,https://www.sac.or.kr/site/main/show/show_view?SN=60757,가격 정보 없음,예매 일정 없음
고전과 낭만사이 with 대니 구,2024-10-08,https://www.sac.or.kr/site/main/show/show_view?SN=68683,가격 정보 없음,예매 일정 없음
알렉상드르 캉토로프 피아노 리사이틀,2024-10-09,https://www.sac.or.kr/site/main/show/show_view?SN=63670,가격 정보 없음,예매 일정 없음
[드보르작 서거 150주년] 차이콥스키 & 드보르작,2024-10-20,https://www.sac.or.kr/site/main/show/show_view?SN=62285,가격 정보 없음,예매 일정 없음
KT와 함께하는 예술의전당 마음을 담은 클래식(11월),2024-11-22,https://www.sac.or.kr/site/main/show/show_view?SN=60156,,
한화클래식 2024: 베를린 고음악 아카데미와 리아스 실내합창단,2024-11-23,https://www.sac.or.kr/site/main/show/show_view?SN=60781,가격 정보 없음,예매 일정 없음
한화클래식 2024: 베를린 고음악 아카데미와 리아스 실내합창단,2024-11-24,https://www.sac.or.kr/site/main/show/show_view?SN=60780,가격 정보 없음,예매 일정 없음
스미노 하야토 피아노 리사이틀,2024-11-26,https://www.sac.or.kr/site/main/show/show_view?SN=66620,가격 정보 없음,예매 일정 없음
KBS교향악단 제808회 정기연주회(11.28),2024-11-28,https://www.sac.or.kr/site/main/show/show_view?SN=68772,가격 정보 없음,예매 일정 없음
KBS교향악단 제808회 정기연주회,2024-11-29,https://www.sac.or.kr/site/main/show/show_view?SN=60862,R석 12만원 / S석 10만원 / A석 7만원 / B석 3만원 / C석 1만원,2023-12-15
랑랑 피아노 리사이틀,2024-11-30,https://www.sac.or.kr/site/main/show/show_view?SN=62283,가격 정보 없음,예매 일정 없음
제 9회 월드비전과 함께하는 The Gift,2024-11-12,https://www.sac.or.kr/site/main/show/show_view?SN=68773,가격 정보 없음,예매 일정 없음
2024 게자안다 국제 피아노 콩쿠르 위너 콘서트,2024-11-13,https://www.sac.or.kr/site/main/show/show_view?SN=68500,가격 정보 없음,예매 일정 없음
한화생명과 함께하는 예술의전당 11시 콘서트(11월),2024-11-14,https://www.sac.or.kr/site/main/show/show_view?SN=60159,,
무라마츠 타카츠구 내한공연,2024-11-15,https://www.sac.or.kr/site/main/show/show_view?SN=62284,가격 정보 없음,예매 일정 없음
2024 예술의전당 토요콘서트(11월),2024-11-16,https://www.sac.or.kr/site/main/show/show_view?SN=60158,,
프랑수아 자비에 로트 & 레 시에클,2024-11-17,https://www.sac.or.kr/site/main/show/show_view?SN=60752,,
2024 장애인식개선을 위한 하트 투 하트 콘서트,2024-11-19,https://www.sac.or.kr/site/main/show/show_view?SN=62002,가격 정보 없음,예매 일정 없음
(사)한국작곡가협회 창립 70주년 기념 음악제,2024-11-01,https://www.sac.or.kr/site/main/show/show_view?SN=62400,가격 정보 없음,예매 일정 없음
제35회 이건음악회 - 타펠무지크 바로크 오케스트라,2024-11-02,https://www.sac.or.kr/site/main/show/show_view?SN=60789,가격 정보 없음,예매 일정 없음
제35회 이건음악회 - 타펠무지크 바로크 오케스트라,2024-11-03,https://www.sac.or.kr/site/main/show/show_view?SN=60788,가격 정보 없음,예매 일정 없음
니콜라이 루간스키 피아노 리사이틀,2024-11-05,https://www.sac.or.kr/site/main/show/show_view?SN=63662,가격 정보 없음,예매 일정 없음
(사)서울윈드오케스트라 창단 50주년 기념 음악회,2024-11-06,https://www.sac.or.kr/site/main/show/show_view?SN=61660,가격 정보 없음,예매 일정 없음
세계 무대 데뷔 50주년 필립 강과 함께 쓰는 오페라의 르네상스,2024-11-07,https://www.sac.or.kr/site/main/show/show_view?SN=63585,가격 정보 없음,예매 일정 없음
"미로슬라브 꿀띠쉐프, 라흐마니노프 피아노협주곡",2024-11-09,https://www.sac.or.kr/site/main/show/show_view?SN=60783,가격 정보 없음,예매 일정 없음
예프게니 키신 피아노 리사이틀,2024-11-20,https://www.sac.or.kr/site/main/show/show_view?SN=60822,,
아카데미 오브 세인트 마틴 인 더 필즈 & 카티아 부니아티쉬빌리,2024-11-21,https://www.sac.or.kr/site/main/show/show_view?SN=60863,,
파리나무십자가소년합창단 크리스마스 특별초청공연,2024-12-22,https://www.sac.or.kr/site/main/show/show_view?SN=62281,,
KBS교향악단 제809회 정기연주회(12.24),2024-12-24,https://www.sac.or.kr/site/main/show/show_view?SN=68771,가격 정보 없음,예매 일정 없음
유키 구라모토 크리스마스 콘서트,2024-12-25,https://www.sac.or.kr/site/main/show/show_view?SN=62001,,
한경arte 더클래식 2024,2024-12-26,https://www.sac.or.kr/site/main/show/show_view?SN=62280,,
KT와 함께하는 예술의전당 마음을 담은 클래식(12월),2024-12-27,https://www.sac.or.kr/site/main/show/show_view?SN=60142,,
리처드 용재 오닐과 바흐,2024-12-28,https://www.sac.or.kr/site/main/show/show_view?SN=60820,,
사라 장 바이올린 리사이틀,2024-12-29,https://www.sac.or.kr/site/main/show/show_view?SN=62000,,
창단 35주년 기념 마스터피스 시리즈Ⅵ  서울모테트합창단 제128회 정기연주회   헨델의 [메시아],2024-12-10,https://www.sac.or.kr/site/main/show/show_view?SN=60761,가격 정보 없음,예매 일정 없음
한화생명과 함께하는 예술의전당 11시 콘서트(12월),2024-12-12,https://www.sac.or.kr/site/main/show/show_view?SN=60147,,
경기필하모닉 마스터즈 시리즈 V _ 버르토크 관현악을 위한 협주곡,2024-12-13,https://www.sac.or.kr/site/main/show/show_view?SN=60960,"R석 80,000원 / S석 60,000원 / A석 50,000원 / B석 30,000원 / C석 20,000원",예매 일정 없음
콘체르토 마라톤 프로젝트 -스페셜 콘서트,2024-12-14,https://www.sac.or.kr/site/main/show/show_view?SN=67274,가격 정보 없음,예매 일정 없음
KCO 2024 송년음악회,2024-12-15,https://www.sac.or.kr/site/main/show/show_view?SN=60861,,
국립합창단 제200회 정기연주 <송년음악회>,2024-12-17,https://www.sac.or.kr/site/main/show/show_view?SN=62160,가격 정보 없음,예매 일정 없음
파보 예르비 & 도이치 캄머필하모닉,2024-12-18,https://www.sac.or.kr/site/main/show/show_view?SN=60749,,
파보 예르비 & 도이치 캄머필하모닉,2024-12-19,https://www.sac.or.kr/site/main/show/show_view?SN=60748,,
조수미 콘서트,2024-12-01,https://www.sac.or.kr/site/main/show/show_view?SN=64120,가격 정보 없음,예매 일정 없음
강남심포니오케스트라 제110회 정기연주회,2024-12-03,https://www.sac.or.kr/site/main/show/show_view?SN=68681,가격 정보 없음,예매 일정 없음
피아니스트 김정원 리사이틀,2024-12-04,https://www.sac.or.kr/site/main/show/show_view?SN=68479,가격 정보 없음,예매 일정 없음
국립심포니오케스트라 <말러 교향곡 1번 `거인`>,2024-12-07,https://www.sac.or.kr/site/main/show/show_view?SN=60787,120,2023-12-20
고잉홈프로젝트: 베토벤 전곡 시리즈 6.,2024-12-08,https://www.sac.or.kr/site/main/show/show_view?SN=60786,,
2024 필하모닉스 내한공연,2024-12-20,https://www.sac.or.kr/site/main/show/show_view?SN=60747,,
2024 예술의전당 토요콘서트(12월),2024-12-21,https://www.sac.or.kr/site/main/show/show_view?SN=60145,,
2025 신년음악회,2025-01-12,https://www.sac.or.kr/site/main/show/show_view?SN=67214,,
기획공연 <3.1절 기념연주회>,2025-02-27,https://www.sac.or.kr/site/main/show/show_view?SN=67459,가격 정보 없음,예매 일정 없음
국립심포니오케스트라 - 슈만 교향곡 제2번,2025-02-16,https://www.sac.or.kr/site/main/show/show_view?SN=67480,가격 정보 없음,예매 일정 없음
KCO 창단 60주년 기념 - 챔버 페스티벌,2025-02-01,https://www.sac.or.kr/site/main/show/show_view?SN=67213,가격 정보 없음,예매 일정 없음
더 필하모닉 브라스 첫 내한공연,2025-02-07,https://www.sac.or.kr/site/main/show/show_view?SN=67080,가격 정보 없음,예매 일정 없음
제16회ARKO한국창작음악제(양악부문),2025-02-20,https://www.sac.or.kr/site/main/show/show_view?SN=67212,가격 정보 없음,예매 일정 없음
KBS 교향악단 제811회 정기연주회,2025-02-21,https://www.sac.or.kr/site/main/show/show_view?SN=67272,가격 정보 없음,예매 일정 없음
